{"cameraMode":{"drawMode":0,"name":"Shaded","section":"Shading Mode"},"sceneLighting":true,"audioPlay":false,"sceneViewState":{"m_AlwaysRefresh":false,"showFog":true,"showSkybox":true,"showFlares":true,"showImageEffects":true,"showParticleSystems":true,"showVisualEffectGraphs":true,"m_FxEnabled":true},"in2DMode":false,"pivot":{"x":1017.2920532226563,"y":539.7088012695313,"z":430.8916015625},"rotation":{"x":-0.009309429675340653,"y":0.005096809007227421,"z":-0.000047394052671734244,"w":-0.9999450445175171},"size":789.8501586914063,"orthographic":false}